-- Dev-only: import Leon's logged history from the Week 6-8 + Sheet2 tracker.
-- Personal data -> NOT a migration. Run as DB owner in the dashboard (bypasses RLS).
-- Sessions hang off a non-active 'Imported' program so History shows them as one-off
-- with sensible workout names. Catalog refs require 0005 + 0006 applied first.
-- Idempotent: clears prior imported sessions, then re-inserts (ON CONFLICT DO NOTHING).
-- Dev user: 7816633c-c06f-476a-a8c5-08323c043d38

-- clean prior import so re-running re-seeds cleanly (sets cascade from sessions)
delete from sessions where workout_id in (select id from workouts where program_id = '35cd8ef8-bb7d-50f6-a771-00731977c596');

insert into programs (id, user_id, name, weeks, is_active) values
  ('35cd8ef8-bb7d-50f6-a771-00731977c596', '7816633c-c06f-476a-a8c5-08323c043d38', 'Imported', 8, false)
on conflict (id) do nothing;

insert into workouts (id, program_id, name, weekday, "order") values
  ('09186b96-908b-5bbb-938a-44917c03da3d', '35cd8ef8-bb7d-50f6-a771-00731977c596', 'Legs', null, 0),
  ('49849008-770e-5800-90ea-bf84b7869035', '35cd8ef8-bb7d-50f6-a771-00731977c596', 'Push', null, 1),
  ('9a87905f-3742-5c45-8b51-3c58d26ca41e', '35cd8ef8-bb7d-50f6-a771-00731977c596', 'Pull', null, 2),
  ('35dba8e3-cc54-57fe-a41d-c17947950032', '35cd8ef8-bb7d-50f6-a771-00731977c596', 'Sh+Arms', null, 3),
  ('92e7e745-b3fd-5791-b577-a24d45b8f25d', '35cd8ef8-bb7d-50f6-a771-00731977c596', 'Chest & Back', null, 4)
on conflict (id) do nothing;

insert into sessions (id, user_id, workout_id, started_at, ended_at) values
  ('f2eb0690-1294-57f5-9ebd-6bede360f84f', '7816633c-c06f-476a-a8c5-08323c043d38', '9a87905f-3742-5c45-8b51-3c58d26ca41e', '2026-04-15 18:00:00+00', '2026-04-15 19:00:00+00'),
  ('fc9fb6a9-5734-5604-9912-3df6be3a1619', '7816633c-c06f-476a-a8c5-08323c043d38', '92e7e745-b3fd-5791-b577-a24d45b8f25d', '2026-04-18 18:00:00+00', '2026-04-18 19:00:00+00'),
  ('14afaf47-be05-5a20-81ac-f8e56aef51c1', '7816633c-c06f-476a-a8c5-08323c043d38', '09186b96-908b-5bbb-938a-44917c03da3d', '2026-04-20 18:00:00+00', '2026-04-20 19:00:00+00'),
  ('1f9cb192-82fb-56c8-b677-8ec6e7d76b0e', '7816633c-c06f-476a-a8c5-08323c043d38', '49849008-770e-5800-90ea-bf84b7869035', '2026-04-21 18:00:00+00', '2026-04-21 19:00:00+00'),
  ('f2cd68eb-1f2a-54eb-88df-578f5ec1886d', '7816633c-c06f-476a-a8c5-08323c043d38', '9a87905f-3742-5c45-8b51-3c58d26ca41e', '2026-04-22 18:00:00+00', '2026-04-22 19:00:00+00'),
  ('47992781-7d66-5ca4-b721-050c99ac9f73', '7816633c-c06f-476a-a8c5-08323c043d38', '35dba8e3-cc54-57fe-a41d-c17947950032', '2026-04-24 18:00:00+00', '2026-04-24 19:00:00+00'),
  ('875d9a4b-9806-5906-9369-17af985fea4c', '7816633c-c06f-476a-a8c5-08323c043d38', '92e7e745-b3fd-5791-b577-a24d45b8f25d', '2026-04-25 18:00:00+00', '2026-04-25 19:00:00+00'),
  ('549a45dd-a8d2-5889-b204-233e5f88fe1b', '7816633c-c06f-476a-a8c5-08323c043d38', '09186b96-908b-5bbb-938a-44917c03da3d', '2026-04-27 18:00:00+00', '2026-04-27 19:00:00+00'),
  ('7518be94-8ac0-5e84-9910-d9bf1f181f28', '7816633c-c06f-476a-a8c5-08323c043d38', '49849008-770e-5800-90ea-bf84b7869035', '2026-04-28 18:00:00+00', '2026-04-28 19:00:00+00'),
  ('d71d1512-02c7-5dbd-af64-e162811222ee', '7816633c-c06f-476a-a8c5-08323c043d38', '9a87905f-3742-5c45-8b51-3c58d26ca41e', '2026-04-29 18:00:00+00', '2026-04-29 19:00:00+00'),
  ('1ba90036-b75c-5ee5-827b-242baf014096', '7816633c-c06f-476a-a8c5-08323c043d38', '09186b96-908b-5bbb-938a-44917c03da3d', '2026-05-04 18:00:00+00', '2026-05-04 19:00:00+00'),
  ('c7eede4f-6d79-51ce-a366-012ae123dbaf', '7816633c-c06f-476a-a8c5-08323c043d38', '49849008-770e-5800-90ea-bf84b7869035', '2026-05-06 18:00:00+00', '2026-05-06 19:00:00+00'),
  ('64fc6d7a-bc7d-5105-ab9f-1929ed8ffcf0', '7816633c-c06f-476a-a8c5-08323c043d38', '9a87905f-3742-5c45-8b51-3c58d26ca41e', '2026-05-08 18:00:00+00', '2026-05-08 19:00:00+00'),
  ('d31a3382-27a3-50b9-8f95-98d826859568', '7816633c-c06f-476a-a8c5-08323c043d38', '09186b96-908b-5bbb-938a-44917c03da3d', '2026-05-11 18:00:00+00', '2026-05-11 19:00:00+00'),
  ('954fb5f2-2b5c-5277-a67b-ea10f4acbc3d', '7816633c-c06f-476a-a8c5-08323c043d38', '09186b96-908b-5bbb-938a-44917c03da3d', '2026-05-13 18:00:00+00', '2026-05-13 19:00:00+00'),
  ('0da2f1ea-55d4-5141-9ce3-70f69782d620', '7816633c-c06f-476a-a8c5-08323c043d38', '49849008-770e-5800-90ea-bf84b7869035', '2026-05-15 18:00:00+00', '2026-05-15 19:00:00+00'),
  ('ba9bc00c-1f49-5534-928d-36a8c9a5b9d7', '7816633c-c06f-476a-a8c5-08323c043d38', '9a87905f-3742-5c45-8b51-3c58d26ca41e', '2026-05-18 18:00:00+00', '2026-05-18 19:00:00+00')
on conflict (id) do nothing;

insert into session_sets (id, session_id, exercise_id, variation_id, reps, weight, type, "order") values
  ('994a11c3-b4bb-5993-a638-ad3b8c5b747f', 'f2eb0690-1294-57f5-9ebd-6bede360f84f', 'a264fce8-5f62-5a9e-baf7-945f27a1d94b', '66e19197-e132-56bb-bb13-90389b2679f6', 11, 60, 'working', 0),
  ('33035acb-3d93-5f27-a31f-c2b0c2ab1bfd', 'fc9fb6a9-5734-5604-9912-3df6be3a1619', '0bca9820-ee3b-5e99-be5b-2086c1aca31a', '5d80945e-a02a-5fbd-81bc-98086672d50c', 14, 13.75, 'working', 0),
  ('13bce4c2-65a9-5016-ac07-e3920e1036ba', 'fc9fb6a9-5734-5604-9912-3df6be3a1619', 'eeae5b67-e5be-5399-b510-91dcd0472628', '9e0a0249-ebab-5745-a3fc-584432763876', 18, 60, 'working', 1),
  ('ed8cfe86-fb52-5b78-bfd0-e973e2a533d7', 'fc9fb6a9-5734-5604-9912-3df6be3a1619', 'eeae5b67-e5be-5399-b510-91dcd0472628', '9e0a0249-ebab-5745-a3fc-584432763876', 13, 70, 'working', 2),
  ('f746e1d4-a3c7-56c5-b1c9-d3fb50ed47c1', 'fc9fb6a9-5734-5604-9912-3df6be3a1619', 'eeae5b67-e5be-5399-b510-91dcd0472628', '9e0a0249-ebab-5745-a3fc-584432763876', 10, 75, 'working', 3),
  ('097ce364-8897-5671-b2cd-a0e6c21a1970', 'fc9fb6a9-5734-5604-9912-3df6be3a1619', 'eeae5b67-e5be-5399-b510-91dcd0472628', 'feb12112-bbd2-5429-887b-74c6af6e4364', 12, 19, 'working', 4),
  ('882cd181-6000-50dd-8e41-3735ef22c923', 'fc9fb6a9-5734-5604-9912-3df6be3a1619', 'ad971ed1-7ebe-40e9-99bb-47d404020037', 'cbbb3cff-0ade-4c81-b31c-c74f8530aac9', 13, 60, 'working', 5),
  ('e68af002-6e94-5696-98c8-ca31ffd3406a', '14afaf47-be05-5a20-81ac-f8e56aef51c1', 'af17a626-0d98-50e1-896b-72061ad71bc0', '59037384-68e6-53ef-8033-6e1dba5a627d', 24, 33, 'working', 0),
  ('ed410d04-d9fd-593a-81ba-088098f05b68', '14afaf47-be05-5a20-81ac-f8e56aef51c1', 'af17a626-0d98-50e1-896b-72061ad71bc0', '59037384-68e6-53ef-8033-6e1dba5a627d', 15, 47, 'working', 1),
  ('9f6cb0ad-8349-504f-822a-97c37946dd7c', '14afaf47-be05-5a20-81ac-f8e56aef51c1', 'af17a626-0d98-50e1-896b-72061ad71bc0', '59037384-68e6-53ef-8033-6e1dba5a627d', 11, 61, 'working', 2),
  ('cfcfb137-2f60-57a7-8b3e-2ffc831ba4ab', '14afaf47-be05-5a20-81ac-f8e56aef51c1', '2ad6059b-7174-5577-89b1-a411dee4e044', '020ee579-f228-5007-ad1e-2b135e2fb771', 14, 40, 'working', 3),
  ('5a8ada3a-a307-552b-ac1d-5fe3eda276f0', '14afaf47-be05-5a20-81ac-f8e56aef51c1', '2ad6059b-7174-5577-89b1-a411dee4e044', '020ee579-f228-5007-ad1e-2b135e2fb771', 11, 40, 'working', 4),
  ('8294027f-21a3-51dd-b837-c0b3ada4b212', '14afaf47-be05-5a20-81ac-f8e56aef51c1', '2ad6059b-7174-5577-89b1-a411dee4e044', '020ee579-f228-5007-ad1e-2b135e2fb771', 10, 40, 'working', 5),
  ('2dad0c85-79b3-5741-920b-2b73266a749c', '14afaf47-be05-5a20-81ac-f8e56aef51c1', '2ad6059b-7174-5577-89b1-a411dee4e044', '020ee579-f228-5007-ad1e-2b135e2fb771', 10, 40, 'working', 6),
  ('90a5415b-70e0-5c03-bed8-b409a9d912bf', '14afaf47-be05-5a20-81ac-f8e56aef51c1', '20b47e68-9067-544c-9215-d6c17c5e8b07', '1ef39ecc-aae3-5740-8be9-e16eefaa5c91', 10, 105, 'working', 7),
  ('9f2e529d-6f12-5738-9cf1-4fa34cb3842a', '14afaf47-be05-5a20-81ac-f8e56aef51c1', '20b47e68-9067-544c-9215-d6c17c5e8b07', '1ef39ecc-aae3-5740-8be9-e16eefaa5c91', 10, 98, 'working', 8),
  ('fe61f411-5cb5-5b02-9c7a-a4d5eb471e2e', '14afaf47-be05-5a20-81ac-f8e56aef51c1', '20b47e68-9067-544c-9215-d6c17c5e8b07', '1ef39ecc-aae3-5740-8be9-e16eefaa5c91', 9, 98, 'working', 9),
  ('3dd8232e-01b1-5c18-a9af-97d61b828b15', '14afaf47-be05-5a20-81ac-f8e56aef51c1', 'bd6c9cd0-92de-5a5a-a7d0-cabfdcb20b27', 'a53f3d5f-f871-52cc-aa81-1fc716fc0dc5', 20, 70, 'working', 10),
  ('07650dd0-0f6a-5a76-91ae-736e29d47fb9', '1f9cb192-82fb-56c8-b677-8ec6e7d76b0e', 'eeae5b67-e5be-5399-b510-91dcd0472628', 'cd81fa63-eef0-568e-9559-d0441e22ee62', 12, 30, 'working', 0),
  ('7080f9a6-888d-54e3-b2af-475df8b37460', '1f9cb192-82fb-56c8-b677-8ec6e7d76b0e', 'eeae5b67-e5be-5399-b510-91dcd0472628', 'cd81fa63-eef0-568e-9559-d0441e22ee62', 10, 30, 'working', 1),
  ('072a0e9f-87dd-5e11-912d-21654114f417', '1f9cb192-82fb-56c8-b677-8ec6e7d76b0e', 'eeae5b67-e5be-5399-b510-91dcd0472628', 'cd81fa63-eef0-568e-9559-d0441e22ee62', 9, 30, 'working', 2),
  ('1b936265-0fd0-5712-8489-de8ea28cdff1', '1f9cb192-82fb-56c8-b677-8ec6e7d76b0e', '59d41db7-85fc-4749-9347-e14d086f18f5', 'ce0e5e04-94d9-4adb-9b42-635faf5a191d', 10, 45, 'working', 3),
  ('fe4b1df1-0e65-5dfd-9928-d4c5af55796b', '1f9cb192-82fb-56c8-b677-8ec6e7d76b0e', '59d41db7-85fc-4749-9347-e14d086f18f5', 'ce0e5e04-94d9-4adb-9b42-635faf5a191d', 9, 45, 'working', 4),
  ('d007e63a-480c-5800-8774-83dc40e748f6', '1f9cb192-82fb-56c8-b677-8ec6e7d76b0e', '59d41db7-85fc-4749-9347-e14d086f18f5', 'ce0e5e04-94d9-4adb-9b42-635faf5a191d', 8, 45, 'working', 5),
  ('66e0dd75-fd38-53d4-9e22-05083fd7b8fa', '1f9cb192-82fb-56c8-b677-8ec6e7d76b0e', 'ba11b697-5f0a-4c8c-ab39-37669ec0d154', 'db64e07c-ef81-5fb0-90dc-34f69fba9823', 12, 20, 'working', 6),
  ('58f86060-1715-5a9a-846b-066e55e4c0a4', '1f9cb192-82fb-56c8-b677-8ec6e7d76b0e', 'ba11b697-5f0a-4c8c-ab39-37669ec0d154', 'db64e07c-ef81-5fb0-90dc-34f69fba9823', 10, 20, 'working', 7),
  ('10f54bc4-fe7d-5b51-84bb-e4a806865be9', '1f9cb192-82fb-56c8-b677-8ec6e7d76b0e', 'ba11b697-5f0a-4c8c-ab39-37669ec0d154', 'db64e07c-ef81-5fb0-90dc-34f69fba9823', 9, 22.5, 'working', 8),
  ('61a1f2e5-93c4-5d77-827f-6f2c79fab859', '1f9cb192-82fb-56c8-b677-8ec6e7d76b0e', 'ba11b697-5f0a-4c8c-ab39-37669ec0d154', 'db64e07c-ef81-5fb0-90dc-34f69fba9823', 8, 22.5, 'working', 9),
  ('e40029ee-3514-5d4c-930e-6ac0c1c89824', '1f9cb192-82fb-56c8-b677-8ec6e7d76b0e', '170fbbf9-3df0-55bc-a922-670a29ea4c0e', 'a34ae3b9-cf0f-5e62-ab29-60b8a119d9bd', 11, 15, 'working', 10),
  ('fb47c17e-d21b-586b-b1e0-9d7417815347', '1f9cb192-82fb-56c8-b677-8ec6e7d76b0e', '170fbbf9-3df0-55bc-a922-670a29ea4c0e', 'a34ae3b9-cf0f-5e62-ab29-60b8a119d9bd', 10, 15, 'working', 11),
  ('6a602746-d969-50d2-93b8-6ce39d85d62c', 'f2cd68eb-1f2a-54eb-88df-578f5ec1886d', 'a264fce8-5f62-5a9e-baf7-945f27a1d94b', 'd84c08cf-24f2-5042-aa37-7021f59da59b', 16, 50, 'working', 0),
  ('fdceaf58-3dcf-5881-91ab-19204ef7b1cb', 'f2cd68eb-1f2a-54eb-88df-578f5ec1886d', 'a264fce8-5f62-5a9e-baf7-945f27a1d94b', 'd84c08cf-24f2-5042-aa37-7021f59da59b', 12, 55, 'working', 1),
  ('9f7bb413-01d1-584b-b4e0-50f26ac69ef7', 'f2cd68eb-1f2a-54eb-88df-578f5ec1886d', 'a264fce8-5f62-5a9e-baf7-945f27a1d94b', 'd84c08cf-24f2-5042-aa37-7021f59da59b', 11, 55, 'working', 2),
  ('2cb1aebf-faa6-5189-aecb-e6585ec95e55', 'f2cd68eb-1f2a-54eb-88df-578f5ec1886d', 'a264fce8-5f62-5a9e-baf7-945f27a1d94b', 'd84c08cf-24f2-5042-aa37-7021f59da59b', 9, 60, 'working', 3),
  ('04f29699-1613-5839-8769-86d81535dbf0', 'f2cd68eb-1f2a-54eb-88df-578f5ec1886d', 'a264fce8-5f62-5a9e-baf7-945f27a1d94b', 'd84c08cf-24f2-5042-aa37-7021f59da59b', 8, 65, 'working', 4),
  ('3d0e3782-5f3b-5f99-a795-36948e9ea5bf', 'f2cd68eb-1f2a-54eb-88df-578f5ec1886d', '51796dba-51ed-5dba-a180-a247815fcce7', '997af244-e154-51ef-b805-6f911b10fdcb', 20, 30, 'working', 5),
  ('761e2b39-0037-5f06-b4b7-6d687cbea65e', '47992781-7d66-5ca4-b721-050c99ac9f73', 'ba11b697-5f0a-4c8c-ab39-37669ec0d154', 'c2229eca-465f-426e-91b6-af426eef76ba', 16, 30, 'working', 0),
  ('d370e5c5-92f4-5720-864d-aa36852dd497', '47992781-7d66-5ca4-b721-050c99ac9f73', 'ba11b697-5f0a-4c8c-ab39-37669ec0d154', 'c2229eca-465f-426e-91b6-af426eef76ba', 14, 30, 'working', 1),
  ('f6a66aab-215e-5bdd-b117-86d8b395fca4', '47992781-7d66-5ca4-b721-050c99ac9f73', 'ba11b697-5f0a-4c8c-ab39-37669ec0d154', 'c2229eca-465f-426e-91b6-af426eef76ba', 10, 35, 'working', 2),
  ('209c6a6c-7bbb-5d8f-8081-de50c66c8016', '47992781-7d66-5ca4-b721-050c99ac9f73', 'ba11b697-5f0a-4c8c-ab39-37669ec0d154', 'c2229eca-465f-426e-91b6-af426eef76ba', 9, 37.5, 'working', 3),
  ('377632c8-32ce-5d88-8faf-28b71f7e9a22', '47992781-7d66-5ca4-b721-050c99ac9f73', 'ba11b697-5f0a-4c8c-ab39-37669ec0d154', 'c2229eca-465f-426e-91b6-af426eef76ba', 8, 40, 'working', 4),
  ('15b46802-4b1b-59b9-bc25-22cbda2d5be6', '47992781-7d66-5ca4-b721-050c99ac9f73', '2c796f45-cea6-5c1e-87a0-0a3e6b35c8ab', 'c556dccf-6547-542d-bd92-e840fb512b10', 14, 15, 'working', 5),
  ('404df9fb-0ecd-52b4-a678-ebce4d65b76c', '47992781-7d66-5ca4-b721-050c99ac9f73', '2c796f45-cea6-5c1e-87a0-0a3e6b35c8ab', 'c556dccf-6547-542d-bd92-e840fb512b10', 11, 20, 'working', 6),
  ('7da40d02-4698-5fd5-b32c-4fd84a34f317', '47992781-7d66-5ca4-b721-050c99ac9f73', '1aafd3da-bba6-55de-b050-0fbcceb61167', '46c66bf8-d87b-52da-9238-7e301d024b7a', 14, 55, 'working', 7),
  ('df14f5ff-1526-5a36-87e1-8e9473c7aeb5', '47992781-7d66-5ca4-b721-050c99ac9f73', '1aafd3da-bba6-55de-b050-0fbcceb61167', '46c66bf8-d87b-52da-9238-7e301d024b7a', 12, 60, 'working', 8),
  ('9c49e3b3-7bb1-5b69-81eb-c154cf292ba9', '875d9a4b-9806-5906-9369-17af985fea4c', '0bca9820-ee3b-5e99-be5b-2086c1aca31a', '5d80945e-a02a-5fbd-81bc-98086672d50c', 13, 13.75, 'working', 0),
  ('59f25232-dbe5-5cba-8b7b-1d4c383d1284', '875d9a4b-9806-5906-9369-17af985fea4c', '0bca9820-ee3b-5e99-be5b-2086c1aca31a', '5d80945e-a02a-5fbd-81bc-98086672d50c', 11, 13.75, 'working', 1),
  ('1ae252e4-b4e2-5dd6-bc0c-69fafab08452', '875d9a4b-9806-5906-9369-17af985fea4c', '0bca9820-ee3b-5e99-be5b-2086c1aca31a', '5d80945e-a02a-5fbd-81bc-98086672d50c', 10, 13.75, 'working', 2),
  ('5da011f6-d3cd-5be4-9ef7-72bf9f7ffb92', '875d9a4b-9806-5906-9369-17af985fea4c', '59d41db7-85fc-4749-9347-e14d086f18f5', 'f5779735-aa49-5b01-b935-1fb7cf02fafc', 13, 16.25, 'working', 3),
  ('f3b70fe8-8727-5965-bcd7-ced8ce6a94c9', '875d9a4b-9806-5906-9369-17af985fea4c', '59d41db7-85fc-4749-9347-e14d086f18f5', 'f5779735-aa49-5b01-b935-1fb7cf02fafc', 12, 16.25, 'working', 4),
  ('24f8e2a4-c6f7-539e-b609-499a9ca4d07e', '875d9a4b-9806-5906-9369-17af985fea4c', 'eeae5b67-e5be-5399-b510-91dcd0472628', 'cd81fa63-eef0-568e-9559-d0441e22ee62', 8, 30, 'working', 5),
  ('68baa909-ef5e-589c-91b6-6ef87188736c', '875d9a4b-9806-5906-9369-17af985fea4c', 'eeae5b67-e5be-5399-b510-91dcd0472628', 'cd81fa63-eef0-568e-9559-d0441e22ee62', 8, 30, 'working', 6),
  ('bd1dc9a2-cbf0-55c8-bd23-c479437502ea', '875d9a4b-9806-5906-9369-17af985fea4c', 'eeae5b67-e5be-5399-b510-91dcd0472628', 'cd81fa63-eef0-568e-9559-d0441e22ee62', 7, 30, 'working', 7),
  ('53bf6798-be9b-5d44-a94a-8525c72a3e21', '875d9a4b-9806-5906-9369-17af985fea4c', '93fc988d-f1e3-5e86-8926-35bab0d42e8a', '47488ecf-d7ef-5c7f-ab0c-e15af4c36aac', 9, 45, 'working', 8),
  ('8c3b4e55-5a2c-5258-a111-f46abb621698', '875d9a4b-9806-5906-9369-17af985fea4c', '701d981d-d69e-50b1-ab64-ebd02ff6839f', '4a8e6678-b48a-529d-aea2-6764852e6958', 12, 70, 'working', 9),
  ('4f26fb6a-ae1c-5d6a-a546-d929c494416f', '875d9a4b-9806-5906-9369-17af985fea4c', '701d981d-d69e-50b1-ab64-ebd02ff6839f', '4a8e6678-b48a-529d-aea2-6764852e6958', 11, 70, 'working', 10),
  ('8e4a014f-94b6-521e-90cc-df4a57dd8698', '875d9a4b-9806-5906-9369-17af985fea4c', '701d981d-d69e-50b1-ab64-ebd02ff6839f', '4a8e6678-b48a-529d-aea2-6764852e6958', 8, 75, 'working', 11),
  ('905d9432-1a30-5241-a44b-a9016c984886', '549a45dd-a8d2-5889-b204-233e5f88fe1b', '771938b6-62ea-55fa-80e2-a34ade3558ed', '22aa4dd4-2068-5918-993e-436b3a162e8a', 15, 60, 'working', 0),
  ('4e15480c-88cf-5b73-a83b-8fd84e4c1932', '549a45dd-a8d2-5889-b204-233e5f88fe1b', '771938b6-62ea-55fa-80e2-a34ade3558ed', '22aa4dd4-2068-5918-993e-436b3a162e8a', 12, 70, 'working', 1),
  ('974ff14d-0406-55a5-94d2-689e1f126638', '549a45dd-a8d2-5889-b204-233e5f88fe1b', '771938b6-62ea-55fa-80e2-a34ade3558ed', '22aa4dd4-2068-5918-993e-436b3a162e8a', 10, 90, 'working', 2),
  ('2af2526a-5413-5c29-af72-2e18306bd7bc', '549a45dd-a8d2-5889-b204-233e5f88fe1b', '771938b6-62ea-55fa-80e2-a34ade3558ed', '22aa4dd4-2068-5918-993e-436b3a162e8a', 8, 100, 'working', 3),
  ('799ebd74-d961-53ff-921d-7138523a6861', '549a45dd-a8d2-5889-b204-233e5f88fe1b', 'bf2733fd-03ce-55a5-8525-842d5e914206', '3cc23135-b73f-5dd1-8324-f62fd3e06f40', 10, 24, 'working', 4),
  ('b588ad29-e286-5609-91c1-b0bceb31fe33', '7518be94-8ac0-5e84-9910-d9bf1f181f28', '59d41db7-85fc-4749-9347-e14d086f18f5', '19a7fd2f-5763-5922-a67a-2caf866a9bc9', 15, 40, 'working', 0),
  ('0bc1303b-2a43-56d6-b313-45fdde812831', '7518be94-8ac0-5e84-9910-d9bf1f181f28', '59d41db7-85fc-4749-9347-e14d086f18f5', '19a7fd2f-5763-5922-a67a-2caf866a9bc9', 11, 50, 'working', 1),
  ('7e709954-ae2b-5dbf-94e0-05d9897371b4', '7518be94-8ac0-5e84-9910-d9bf1f181f28', '59d41db7-85fc-4749-9347-e14d086f18f5', '19a7fd2f-5763-5922-a67a-2caf866a9bc9', 7, 55, 'working', 2),
  ('02da7f9c-09d4-59e2-b780-e4e1aa88e403', '7518be94-8ac0-5e84-9910-d9bf1f181f28', 'ba11b697-5f0a-4c8c-ab39-37669ec0d154', 'e2d651ba-6dc8-50a0-93e1-c296870f9cdd', 15, 20, 'working', 3),
  ('f1233885-8953-501d-b444-338c7817fa81', '7518be94-8ac0-5e84-9910-d9bf1f181f28', 'ba11b697-5f0a-4c8c-ab39-37669ec0d154', 'e2d651ba-6dc8-50a0-93e1-c296870f9cdd', 13, 22.5, 'working', 4),
  ('430e6116-9b6c-56dd-abf9-77b33f2348f4', '7518be94-8ac0-5e84-9910-d9bf1f181f28', 'ba11b697-5f0a-4c8c-ab39-37669ec0d154', 'e2d651ba-6dc8-50a0-93e1-c296870f9cdd', 12, 25, 'working', 5),
  ('9344c8b7-a49f-5aac-9748-c49100848e57', '7518be94-8ac0-5e84-9910-d9bf1f181f28', 'ba11b697-5f0a-4c8c-ab39-37669ec0d154', 'e2d651ba-6dc8-50a0-93e1-c296870f9cdd', 9, 27.5, 'working', 6),
  ('f8dc90e0-be24-5893-905f-964727847914', '7518be94-8ac0-5e84-9910-d9bf1f181f28', '170fbbf9-3df0-55bc-a922-670a29ea4c0e', 'a34ae3b9-cf0f-5e62-ab29-60b8a119d9bd', 10, 15, 'working', 7),
  ('3cc499e9-b6d0-56f3-b777-9eb491ab5afd', 'd71d1512-02c7-5dbd-af64-e162811222ee', '701d981d-d69e-50b1-ab64-ebd02ff6839f', '4a8e6678-b48a-529d-aea2-6764852e6958', 10, 70, 'working', 0),
  ('ba5aabbe-d6e5-5177-b267-23248516a9a1', 'd71d1512-02c7-5dbd-af64-e162811222ee', '701d981d-d69e-50b1-ab64-ebd02ff6839f', '4a8e6678-b48a-529d-aea2-6764852e6958', 9, 70, 'working', 1),
  ('6d29991b-021b-5424-beb9-18c6dd495bf8', 'd71d1512-02c7-5dbd-af64-e162811222ee', '701d981d-d69e-50b1-ab64-ebd02ff6839f', '4a8e6678-b48a-529d-aea2-6764852e6958', 8, 75, 'working', 2),
  ('f1ba0610-a0c4-5fa6-a778-c3fc38c3cfb8', 'd71d1512-02c7-5dbd-af64-e162811222ee', '701d981d-d69e-50b1-ab64-ebd02ff6839f', '4a8e6678-b48a-529d-aea2-6764852e6958', 6, 80, 'working', 3),
  ('d05f59b0-558e-50c6-9925-2347504a87a0', 'd71d1512-02c7-5dbd-af64-e162811222ee', 'ad971ed1-7ebe-40e9-99bb-47d404020037', 'cbbb3cff-0ade-4c81-b31c-c74f8530aac9', 15, 50, 'working', 4),
  ('da7bd85a-9f60-5ad7-953f-271264737757', 'd71d1512-02c7-5dbd-af64-e162811222ee', 'ad971ed1-7ebe-40e9-99bb-47d404020037', 'cbbb3cff-0ade-4c81-b31c-c74f8530aac9', 13, 60, 'working', 5),
  ('97d74091-5a8b-560b-a458-71fa81db74e4', 'd71d1512-02c7-5dbd-af64-e162811222ee', 'ad971ed1-7ebe-40e9-99bb-47d404020037', 'cbbb3cff-0ade-4c81-b31c-c74f8530aac9', 9, 70, 'working', 6),
  ('84b7b598-7e59-5a4d-b2a1-9824bce21902', 'd71d1512-02c7-5dbd-af64-e162811222ee', 'ad971ed1-7ebe-40e9-99bb-47d404020037', 'cbbb3cff-0ade-4c81-b31c-c74f8530aac9', 8, 70, 'working', 7),
  ('4f6d9026-cad4-550c-96ac-f9983a8317ff', 'd71d1512-02c7-5dbd-af64-e162811222ee', 'ad971ed1-7ebe-40e9-99bb-47d404020037', 'cbbb3cff-0ade-4c81-b31c-c74f8530aac9', 6, 75, 'working', 8),
  ('5e0c6b7e-2bc3-5e35-8e27-2e259ed0d460', '1ba90036-b75c-5ee5-827b-242baf014096', 'a2ed8c67-645e-5a50-a6fd-9017525ffdf5', '5c41a9c9-aff0-56af-a6d5-5192a9814c4d', 13, 68, 'working', 0),
  ('a5750146-dbc2-5239-956b-a92485f62644', '1ba90036-b75c-5ee5-827b-242baf014096', 'a2ed8c67-645e-5a50-a6fd-9017525ffdf5', '5c41a9c9-aff0-56af-a6d5-5192a9814c4d', 10, 70.5, 'working', 1),
  ('2cc8b14c-5553-5770-b44d-64332c2642fa', '1ba90036-b75c-5ee5-827b-242baf014096', 'a2ed8c67-645e-5a50-a6fd-9017525ffdf5', '5c41a9c9-aff0-56af-a6d5-5192a9814c4d', 6, 73, 'working', 2),
  ('ab049a72-86f9-584c-8186-bd739aeabcbb', '1ba90036-b75c-5ee5-827b-242baf014096', 'bd6c9cd0-92de-5a5a-a7d0-cabfdcb20b27', 'cba5c909-9815-5f7c-b2d9-d00dab0f9c34', 12, 140, 'working', 3),
  ('f7a1a79a-1cda-5ccf-9550-acfaaaa72c1a', '1ba90036-b75c-5ee5-827b-242baf014096', 'bd6c9cd0-92de-5a5a-a7d0-cabfdcb20b27', 'cba5c909-9815-5f7c-b2d9-d00dab0f9c34', 11, 160, 'working', 4),
  ('c11cee1d-b9f8-5aed-8762-d75e2767552b', '1ba90036-b75c-5ee5-827b-242baf014096', 'bd6c9cd0-92de-5a5a-a7d0-cabfdcb20b27', 'cba5c909-9815-5f7c-b2d9-d00dab0f9c34', 10, 180, 'working', 5),
  ('bc5b1c28-cde3-5b16-9c3c-3bb9d5ce0379', '1ba90036-b75c-5ee5-827b-242baf014096', 'bd6c9cd0-92de-5a5a-a7d0-cabfdcb20b27', 'cba5c909-9815-5f7c-b2d9-d00dab0f9c34', 8, 200, 'working', 6),
  ('37136d49-9410-5747-91d9-f5a3bf8c2a07', '1ba90036-b75c-5ee5-827b-242baf014096', '20b47e68-9067-544c-9215-d6c17c5e8b07', '1ef39ecc-aae3-5740-8be9-e16eefaa5c91', 12, 105, 'working', 7),
  ('047488d1-73d1-5fa7-b815-81b91d7b18d7', '1ba90036-b75c-5ee5-827b-242baf014096', '20b47e68-9067-544c-9215-d6c17c5e8b07', '1ef39ecc-aae3-5740-8be9-e16eefaa5c91', 8, 110, 'working', 8),
  ('5ec36a16-93e5-57ed-977e-85945253279f', '1ba90036-b75c-5ee5-827b-242baf014096', '20b47e68-9067-544c-9215-d6c17c5e8b07', '1ef39ecc-aae3-5740-8be9-e16eefaa5c91', 7, 110, 'working', 9),
  ('18a7134a-fb70-552a-83a0-c5af887fd724', 'c7eede4f-6d79-51ce-a366-012ae123dbaf', '59d41db7-85fc-4749-9347-e14d086f18f5', '19a7fd2f-5763-5922-a67a-2caf866a9bc9', 13, 50, 'working', 0),
  ('f828e744-66f0-56fe-b5c6-0046b83692fe', 'c7eede4f-6d79-51ce-a366-012ae123dbaf', '59d41db7-85fc-4749-9347-e14d086f18f5', '19a7fd2f-5763-5922-a67a-2caf866a9bc9', 10, 57.5, 'working', 1),
  ('47d56604-258c-5c61-979c-2de80c378e41', 'c7eede4f-6d79-51ce-a366-012ae123dbaf', '59d41db7-85fc-4749-9347-e14d086f18f5', '19a7fd2f-5763-5922-a67a-2caf866a9bc9', 8, 62.5, 'working', 2),
  ('df683164-94d8-5f78-96c7-d42da1db97be', 'c7eede4f-6d79-51ce-a366-012ae123dbaf', '59d41db7-85fc-4749-9347-e14d086f18f5', '19a7fd2f-5763-5922-a67a-2caf866a9bc9', 6, 65, 'working', 3),
  ('ecfb01b3-866b-561f-b44c-8efa4c450fbb', 'c7eede4f-6d79-51ce-a366-012ae123dbaf', 'd87769e4-6c75-5882-bc7a-3a737ddc755c', '4b047cea-b445-5052-85db-8dced4b8f5dc', 10, 61, 'working', 4),
  ('2f98a380-28a0-5a7e-9f11-bfd7b28267fd', 'c7eede4f-6d79-51ce-a366-012ae123dbaf', 'd87769e4-6c75-5882-bc7a-3a737ddc755c', '4b047cea-b445-5052-85db-8dced4b8f5dc', 8, 61, 'working', 5),
  ('0347bc11-7bc1-5512-913b-718acf47a3f3', 'c7eede4f-6d79-51ce-a366-012ae123dbaf', '30ff4dba-6e0f-4b5d-b9cf-1acd2ed0b755', 'df09d6b3-30b4-5b11-9888-525ae8a665da', 12, 22.5, 'working', 6),
  ('d6488bed-a688-51cf-bdfc-bb4d3c401d5e', 'c7eede4f-6d79-51ce-a366-012ae123dbaf', '30ff4dba-6e0f-4b5d-b9cf-1acd2ed0b755', 'df09d6b3-30b4-5b11-9888-525ae8a665da', 11, 22.5, 'working', 7),
  ('33a9c543-3bd6-56bf-a1f8-37ec9729706b', 'c7eede4f-6d79-51ce-a366-012ae123dbaf', '30ff4dba-6e0f-4b5d-b9cf-1acd2ed0b755', 'df09d6b3-30b4-5b11-9888-525ae8a665da', 7, 25, 'working', 8),
  ('2d52bdca-48f6-5b52-9232-a08d57e1a502', 'c7eede4f-6d79-51ce-a366-012ae123dbaf', '30ff4dba-6e0f-4b5d-b9cf-1acd2ed0b755', 'df09d6b3-30b4-5b11-9888-525ae8a665da', 7, 25, 'working', 9),
  ('13ffd10e-0dfe-5725-a40a-0fa99e1f5d9c', '64fc6d7a-bc7d-5105-ab9f-1929ed8ffcf0', '701d981d-d69e-50b1-ab64-ebd02ff6839f', '6cba5f72-3e31-5c7a-ab77-cecc9549024e', 12, 70, 'working', 0),
  ('383bf73e-107f-5d11-834a-204ed70b830f', '64fc6d7a-bc7d-5105-ab9f-1929ed8ffcf0', '701d981d-d69e-50b1-ab64-ebd02ff6839f', '6cba5f72-3e31-5c7a-ab77-cecc9549024e', 10, 75, 'working', 1),
  ('82a8f3da-a6b8-5765-b49d-7b57d1a1433c', '64fc6d7a-bc7d-5105-ab9f-1929ed8ffcf0', '701d981d-d69e-50b1-ab64-ebd02ff6839f', '6cba5f72-3e31-5c7a-ab77-cecc9549024e', 8, 80, 'working', 2),
  ('b087d662-ffc5-5712-a2f1-b49ea653698b', '64fc6d7a-bc7d-5105-ab9f-1929ed8ffcf0', '701d981d-d69e-50b1-ab64-ebd02ff6839f', '6cba5f72-3e31-5c7a-ab77-cecc9549024e', 6, 85, 'working', 3),
  ('65486062-a6bb-5791-bb87-77c623c855c0', '64fc6d7a-bc7d-5105-ab9f-1929ed8ffcf0', 'ad971ed1-7ebe-40e9-99bb-47d404020037', '4b094db6-128d-5797-8eb8-801032cb90bf', 11, 65, 'working', 4),
  ('2c2109d2-d28d-5088-ad4c-1cfe7695403b', '64fc6d7a-bc7d-5105-ab9f-1929ed8ffcf0', 'ad971ed1-7ebe-40e9-99bb-47d404020037', '4b094db6-128d-5797-8eb8-801032cb90bf', 10, 70, 'working', 5),
  ('c7125b12-e2ce-597f-b10b-65b18c405c09', '64fc6d7a-bc7d-5105-ab9f-1929ed8ffcf0', 'bc9d1306-8fbe-563c-89eb-507ac516993d', 'bc43a620-3ac3-54dd-bcd5-9972e0512c06', 11, 60, 'working', 6),
  ('1ff47cc2-a6de-5687-b7a4-0aaa2c8bd32d', '64fc6d7a-bc7d-5105-ab9f-1929ed8ffcf0', 'bc9d1306-8fbe-563c-89eb-507ac516993d', 'bc43a620-3ac3-54dd-bcd5-9972e0512c06', 12, 55, 'working', 7),
  ('cab2bb25-f8e5-556a-9a17-beb5087ebbcd', '64fc6d7a-bc7d-5105-ab9f-1929ed8ffcf0', 'bc9d1306-8fbe-563c-89eb-507ac516993d', 'bc43a620-3ac3-54dd-bcd5-9972e0512c06', 10, 55, 'working', 8),
  ('db989179-c46f-5078-b7b8-aaf2b4f34daf', '64fc6d7a-bc7d-5105-ab9f-1929ed8ffcf0', '51796dba-51ed-5dba-a180-a247815fcce7', '997af244-e154-51ef-b805-6f911b10fdcb', 13, 35, 'working', 9),
  ('f48b27e8-0b0c-590d-8b45-1d097ccb9085', '64fc6d7a-bc7d-5105-ab9f-1929ed8ffcf0', '51796dba-51ed-5dba-a180-a247815fcce7', '997af244-e154-51ef-b805-6f911b10fdcb', 12, 35, 'working', 10),
  ('0376d10e-e8db-5c43-b887-307f95a8ae3b', '64fc6d7a-bc7d-5105-ab9f-1929ed8ffcf0', 'fa1b32d9-b984-542b-843a-1ceaeecacd79', '52ad8c9a-a3ba-5805-b007-23364ce93207', 12, 22.5, 'working', 11),
  ('8ac38c8c-7d6b-5bb2-9a9d-12bca3b0822a', '64fc6d7a-bc7d-5105-ab9f-1929ed8ffcf0', 'fa1b32d9-b984-542b-843a-1ceaeecacd79', '52ad8c9a-a3ba-5805-b007-23364ce93207', 11, 22.5, 'working', 12),
  ('f29c8368-781e-571b-a336-cf43aa267b6c', 'd31a3382-27a3-50b9-8f95-98d826859568', '2ad6059b-7174-5577-89b1-a411dee4e044', '020ee579-f228-5007-ad1e-2b135e2fb771', 12, 40, 'working', 0),
  ('d3933e98-f35d-5232-b914-63e6e3073f57', 'd31a3382-27a3-50b9-8f95-98d826859568', '2ad6059b-7174-5577-89b1-a411dee4e044', '020ee579-f228-5007-ad1e-2b135e2fb771', 10, 45, 'working', 1),
  ('86cac228-a76b-5f9b-98ac-375be5d6e41d', 'd31a3382-27a3-50b9-8f95-98d826859568', '2ad6059b-7174-5577-89b1-a411dee4e044', '020ee579-f228-5007-ad1e-2b135e2fb771', 8, 50, 'working', 2),
  ('46222007-a5bd-58bf-93cd-1f87c4252b91', 'd31a3382-27a3-50b9-8f95-98d826859568', 'bf2733fd-03ce-55a5-8525-842d5e914206', '3cc23135-b73f-5dd1-8324-f62fd3e06f40', 12, 24, 'working', 3),
  ('3b166486-fe02-50fe-9f59-0b78aa9fe280', 'd31a3382-27a3-50b9-8f95-98d826859568', 'bf2733fd-03ce-55a5-8525-842d5e914206', '3cc23135-b73f-5dd1-8324-f62fd3e06f40', 10, 24, 'working', 4),
  ('dc0292bb-a613-5dee-ade9-f669c02324a3', 'd31a3382-27a3-50b9-8f95-98d826859568', 'af17a626-0d98-50e1-896b-72061ad71bc0', 'd19dfb94-d7cc-53b4-b587-c37dca37e617', 12, 28.5, 'working', 5),
  ('7a239d5c-ad39-5aff-b1a8-e1318ce5afba', 'd31a3382-27a3-50b9-8f95-98d826859568', '99ed8dc8-f53c-547c-a530-d6b73dbf6fb3', 'ec155f47-f196-53cb-8119-0c91959938f7', 11, 57.5, 'working', 6),
  ('2f761bc5-e9fc-55cf-a928-7ee64daffa67', 'd31a3382-27a3-50b9-8f95-98d826859568', '84faa26c-16f2-54e6-b15f-15fda6490dcd', '4f274646-19b6-5cab-9a09-b3620bb88e55', 15, 107.5, 'working', 7),
  ('200c4d5e-a2a1-50da-adca-5a58879fb521', '954fb5f2-2b5c-5277-a67b-ea10f4acbc3d', 'a2ed8c67-645e-5a50-a6fd-9017525ffdf5', '5c41a9c9-aff0-56af-a6d5-5192a9814c4d', 12, 61, 'working', 0),
  ('7c523e09-8d0d-579f-a75e-9d03630c2a0e', '954fb5f2-2b5c-5277-a67b-ea10f4acbc3d', 'a2ed8c67-645e-5a50-a6fd-9017525ffdf5', '5c41a9c9-aff0-56af-a6d5-5192a9814c4d', 10, 68, 'working', 1),
  ('c468e195-9ff9-52c6-9a6b-6a8fb10883a2', '954fb5f2-2b5c-5277-a67b-ea10f4acbc3d', 'a2ed8c67-645e-5a50-a6fd-9017525ffdf5', '5c41a9c9-aff0-56af-a6d5-5192a9814c4d', 7, 70.5, 'working', 2),
  ('168b7969-9a6f-551f-a891-96585e8740fe', '954fb5f2-2b5c-5277-a67b-ea10f4acbc3d', '771938b6-62ea-55fa-80e2-a34ade3558ed', '22aa4dd4-2068-5918-993e-436b3a162e8a', 12, 60, 'working', 3),
  ('994aafd7-9dfa-5115-affb-17b933527b5b', '954fb5f2-2b5c-5277-a67b-ea10f4acbc3d', '771938b6-62ea-55fa-80e2-a34ade3558ed', '22aa4dd4-2068-5918-993e-436b3a162e8a', 8, 100, 'working', 4),
  ('b4cd90d9-5be0-5d64-9957-ffe71f49dd8c', '954fb5f2-2b5c-5277-a67b-ea10f4acbc3d', '771938b6-62ea-55fa-80e2-a34ade3558ed', '22aa4dd4-2068-5918-993e-436b3a162e8a', 8, 110, 'working', 5),
  ('502b5c48-f795-5c6a-acab-f8def6ee1f2a', '954fb5f2-2b5c-5277-a67b-ea10f4acbc3d', '395bdaf2-32f9-5bd6-9e10-52a680c65467', '73df6983-03f8-5e4c-b446-bc8e7334756c', 10, 78, 'working', 6),
  ('cac9cb2e-338f-5921-913f-1f827a771f68', '954fb5f2-2b5c-5277-a67b-ea10f4acbc3d', '395bdaf2-32f9-5bd6-9e10-52a680c65467', '73df6983-03f8-5e4c-b446-bc8e7334756c', 10, 78, 'working', 7),
  ('27998523-9d0e-5e4a-8f1a-76a53808809e', '954fb5f2-2b5c-5277-a67b-ea10f4acbc3d', '395bdaf2-32f9-5bd6-9e10-52a680c65467', '73df6983-03f8-5e4c-b446-bc8e7334756c', 10, 78, 'working', 8),
  ('5a8363c8-9972-53b8-9bbe-b40bcd5f3bea', '954fb5f2-2b5c-5277-a67b-ea10f4acbc3d', '0f302802-8a25-5d50-9a01-f2443a97ab6b', '4b9ca1b8-ec62-5085-be5e-e74dea26348b', 12, 22.5, 'working', 9),
  ('dfc6c581-ae74-53e7-abea-1939a0397deb', '954fb5f2-2b5c-5277-a67b-ea10f4acbc3d', '0f302802-8a25-5d50-9a01-f2443a97ab6b', '4b9ca1b8-ec62-5085-be5e-e74dea26348b', 12, 22.5, 'working', 10),
  ('175fc39b-e7bd-5713-a970-81651f10823f', '954fb5f2-2b5c-5277-a67b-ea10f4acbc3d', '8bb4e20e-3e84-57d5-9986-f5e707c6c676', 'e5fdea34-6096-5a24-a839-5a013e7855a7', 12, 45, 'working', 11),
  ('6bdf2fd8-3ed4-5dbc-8a98-5b567a2c302b', '0da2f1ea-55d4-5141-9ce3-70f69782d620', 'eeae5b67-e5be-5399-b510-91dcd0472628', '9e0a0249-ebab-5745-a3fc-584432763876', 14, 60, 'working', 0),
  ('b6de1b32-d04e-5881-acaf-d146d8e17df8', '0da2f1ea-55d4-5141-9ce3-70f69782d620', 'eeae5b67-e5be-5399-b510-91dcd0472628', '9e0a0249-ebab-5745-a3fc-584432763876', 12, 70, 'working', 1),
  ('fff134b5-4971-5930-851a-a5bf25fc4678', '0da2f1ea-55d4-5141-9ce3-70f69782d620', 'eeae5b67-e5be-5399-b510-91dcd0472628', '9e0a0249-ebab-5745-a3fc-584432763876', 10, 80, 'working', 2),
  ('f4d9e86c-a15a-5b18-ac21-b8a4c256daa1', '0da2f1ea-55d4-5141-9ce3-70f69782d620', 'eeae5b67-e5be-5399-b510-91dcd0472628', '9e0a0249-ebab-5745-a3fc-584432763876', 7, 85, 'working', 3),
  ('3153f475-0f5f-5ea6-bb02-8f5eb6b1d262', '0da2f1ea-55d4-5141-9ce3-70f69782d620', '0bca9820-ee3b-5e99-be5b-2086c1aca31a', 'd17966b5-5a81-5a25-a837-c033bed765ca', 8, 20, 'working', 4),
  ('7c922fa8-aaaf-53a3-9949-7a36a93e5690', '0da2f1ea-55d4-5141-9ce3-70f69782d620', '0bca9820-ee3b-5e99-be5b-2086c1aca31a', 'd17966b5-5a81-5a25-a837-c033bed765ca', 10, 20, 'working', 5),
  ('fd442dba-196a-5769-a5bc-d3ccedcd8727', '0da2f1ea-55d4-5141-9ce3-70f69782d620', '170fbbf9-3df0-55bc-a922-670a29ea4c0e', '2a2cd268-efab-5bfb-b03c-96c1784e4f8d', 8, 17.5, 'working', 6),
  ('0070f9cf-9078-5ec5-a926-02badb5f85cf', 'ba9bc00c-1f49-5534-928d-36a8c9a5b9d7', 'ad971ed1-7ebe-40e9-99bb-47d404020037', 'cbbb3cff-0ade-4c81-b31c-c74f8530aac9', 12, 65, 'working', 0),
  ('51350dba-64bf-57a1-9852-be11313775bb', 'ba9bc00c-1f49-5534-928d-36a8c9a5b9d7', 'ad971ed1-7ebe-40e9-99bb-47d404020037', 'cbbb3cff-0ade-4c81-b31c-c74f8530aac9', 9, 70, 'working', 1),
  ('ca084024-7aa1-5cff-9cbe-2f49bb55a888', 'ba9bc00c-1f49-5534-928d-36a8c9a5b9d7', '8283d688-8681-5459-91a8-8ed5db3dc4a5', '3874e66d-47e8-5a27-bca8-67af0b38b496', 10, 30, 'working', 2),
  ('b645bd93-22a1-5003-9884-10e29c675cbf', 'ba9bc00c-1f49-5534-928d-36a8c9a5b9d7', '8283d688-8681-5459-91a8-8ed5db3dc4a5', '3874e66d-47e8-5a27-bca8-67af0b38b496', 10, 30, 'working', 3),
  ('cd073ba9-f5d4-540c-b398-ca1b2a432a4e', 'ba9bc00c-1f49-5534-928d-36a8c9a5b9d7', '8283d688-8681-5459-91a8-8ed5db3dc4a5', '3874e66d-47e8-5a27-bca8-67af0b38b496', 6, 32.5, 'working', 4),
  ('657f1414-460a-507c-9219-0358093e7a40', 'ba9bc00c-1f49-5534-928d-36a8c9a5b9d7', '8283d688-8681-5459-91a8-8ed5db3dc4a5', '3874e66d-47e8-5a27-bca8-67af0b38b496', 7, 32.5, 'working', 5),
  ('e3635149-d1a2-582c-8ac0-5ec27015ea3a', 'ba9bc00c-1f49-5534-928d-36a8c9a5b9d7', '1b6e5da3-39d0-5b0b-8cd8-55c53e6497cd', 'f82f7001-7d55-54d4-9ab5-82ae6b9ba3b2', 12, 27.5, 'working', 6),
  ('99891f73-a4e7-5d98-9f72-5d222f04e019', 'ba9bc00c-1f49-5534-928d-36a8c9a5b9d7', '1b6e5da3-39d0-5b0b-8cd8-55c53e6497cd', 'f82f7001-7d55-54d4-9ab5-82ae6b9ba3b2', 12, 27.5, 'working', 7),
  ('773909ea-1eac-5f57-b595-ba14bd9b4132', 'ba9bc00c-1f49-5534-928d-36a8c9a5b9d7', '1b6e5da3-39d0-5b0b-8cd8-55c53e6497cd', 'f82f7001-7d55-54d4-9ab5-82ae6b9ba3b2', 12, 27.5, 'working', 8),
  ('0069d6bf-30d7-543a-b2fe-749d2c54daf4', 'ba9bc00c-1f49-5534-928d-36a8c9a5b9d7', '701d981d-d69e-50b1-ab64-ebd02ff6839f', '2fe9381b-4ac7-521c-b55f-7f3bfb738700', 12, 30, 'working', 9),
  ('be552619-4f2e-56d4-906e-e466661f189e', 'ba9bc00c-1f49-5534-928d-36a8c9a5b9d7', '701d981d-d69e-50b1-ab64-ebd02ff6839f', '2fe9381b-4ac7-521c-b55f-7f3bfb738700', 11, 35, 'working', 10),
  ('93b5158d-802c-5e08-9876-7755778218d7', 'ba9bc00c-1f49-5534-928d-36a8c9a5b9d7', 'bc9d1306-8fbe-563c-89eb-507ac516993d', 'bc43a620-3ac3-54dd-bcd5-9972e0512c06', 12, 60, 'working', 11),
  ('ef02bd71-5514-5ebe-a908-9dc704634b15', 'ba9bc00c-1f49-5534-928d-36a8c9a5b9d7', '1b15e740-6496-5756-919c-ee204447f564', '69d706ad-d1b8-5f90-8808-f2788742ba2f', 10, 50, 'working', 12),
  ('49707558-6b71-5102-9730-3b04f21d0a31', 'ba9bc00c-1f49-5534-928d-36a8c9a5b9d7', '1b15e740-6496-5756-919c-ee204447f564', '69d706ad-d1b8-5f90-8808-f2788742ba2f', 10, 43, 'working', 13)
on conflict (id) do nothing;
